"segment","segment_id","scene_no","scene_id","scene_title","stage","section","shows_today","gap","depends_on"
"Retail","retail","01/06","retail-street-opportunity","Street opportunity","context","How it works","2 capability view(s), 2 with an illustration, 1 with a video","","TECH-01 · TECH-02"
"Retail","retail","01/06","retail-street-opportunity","Street opportunity","context","Technology","4 implementation card(s), 4 with a photo","","impl-milesight-vs361-passerby · impl-xovis-3d-entrance · impl-milesight-vs125p-entrance · impl-ip-detection-indoor"
"Retail","retail","01/06","retail-street-opportunity","Street opportunity","context","Requirements","1 derived output(s), 4/4 implementation(s) with installation essentials","","retail-street-opportunity-capture"
"Retail","retail","01/06","retail-street-opportunity","Street opportunity","context","Privacy","4 statement(s), 1 fully source-backed","3 statement(s) not yet fully source-backed","impl-milesight-vs361-passerby · impl-xovis-3d-entrance · impl-milesight-vs125p-entrance · impl-ip-detection-indoor"
"Retail","retail","01/06","retail-street-opportunity","Street opportunity","context","In practice","nothing — no customer proof is permitted here yet","EMPTY — needs an approved customer proof, or stays deliberately empty",""
"Retail","retail","02/06","retail-store-visits","Store visits","measure","How it works","2 capability view(s), 2 with an illustration, 1 with a video","","TECH-01 · TECH-02"
"Retail","retail","02/06","retail-store-visits","Store visits","measure","Technology","4 implementation card(s), 4 with a photo","","impl-milesight-vs361-passerby · impl-xovis-3d-entrance · impl-milesight-vs125p-entrance · impl-ip-detection-indoor"
"Retail","retail","02/06","retail-store-visits","Store visits","measure","Requirements","1 derived output(s), 4/4 implementation(s) with installation essentials","","retail-store-visits-capture"
"Retail","retail","02/06","retail-store-visits","Store visits","measure","Privacy","4 statement(s), 1 fully source-backed","3 statement(s) not yet fully source-backed","impl-milesight-vs361-passerby · impl-xovis-3d-entrance · impl-milesight-vs125p-entrance · impl-ip-detection-indoor"
"Retail","retail","02/06","retail-store-visits","Store visits","measure","In practice","1 proof(s)","","CASE-RET-01"
"Retail","retail","03/06","retail-visitor-composition","Visitor composition","measure","How it works","1 capability view(s), 1 with an illustration, 0 with a video","","TECH-03"
"Retail","retail","03/06","retail-visitor-composition","Visitor composition","measure","Technology","3 implementation card(s), 2 with a photo","missing photo for 1 card(s)","impl-milesight-vs125p-entrance · impl-ip-detection-indoor · impl-configured-classification"
"Retail","retail","03/06","retail-visitor-composition","Visitor composition","measure","Requirements","1 derived output(s), 2/3 implementation(s) with installation essentials","missing installation essentials for 1 implementation(s)","retail-visitor-composition-classification"
"Retail","retail","03/06","retail-visitor-composition","Visitor composition","measure","Privacy","3 statement(s), 0 fully source-backed","3 statement(s) not yet fully source-backed","impl-milesight-vs125p-entrance · impl-ip-detection-indoor · impl-configured-classification"
"Retail","retail","03/06","retail-visitor-composition","Visitor composition","measure","In practice","nothing — no customer proof is permitted here yet","EMPTY — needs an approved customer proof, or stays deliberately empty",""
"Retail","retail","04/06","retail-in-store-journey","In-store journey","understand","How it works","1 capability view(s), 1 with an illustration, 1 with a video","","TECH-04"
"Retail","retail","04/06","retail-in-store-journey","In-store journey","understand","Technology","2 implementation card(s), 2 with a photo","","impl-lidar-spatial · impl-xovis-3d-spatial"
"Retail","retail","04/06","retail-in-store-journey","In-store journey","understand","Requirements","1 derived output(s), 2/2 implementation(s) with installation essentials","","retail-in-store-journey-routes"
"Retail","retail","04/06","retail-in-store-journey","In-store journey","understand","Privacy","2 statement(s), 1 fully source-backed","1 statement(s) not yet fully source-backed","impl-lidar-spatial · impl-xovis-3d-spatial"
"Retail","retail","04/06","retail-in-store-journey","In-store journey","understand","In practice","1 proof(s)","","CASE-RET-02"
"Retail","retail","05/06","retail-zone-engagement","Zone engagement","understand","How it works","1 capability view(s), 1 with an illustration, 1 with a video","","TECH-04"
"Retail","retail","05/06","retail-zone-engagement","Zone engagement","understand","Technology","2 implementation card(s), 2 with a photo","","impl-lidar-spatial · impl-xovis-3d-spatial"
"Retail","retail","05/06","retail-zone-engagement","Zone engagement","understand","Requirements","1 derived output(s), 2/2 implementation(s) with installation essentials","","retail-zone-engagement-pattern"
"Retail","retail","05/06","retail-zone-engagement","Zone engagement","understand","Privacy","2 statement(s), 1 fully source-backed","1 statement(s) not yet fully source-backed","impl-lidar-spatial · impl-xovis-3d-spatial"
"Retail","retail","05/06","retail-zone-engagement","Zone engagement","understand","In practice","1 proof(s)","","CASE-RET-02"
"Retail","retail","06/06","retail-conversion-sales-context","Conversion & sales context","prove","How it works","3 capability view(s), 2 with an illustration, 1 with a video","missing illustration for 1 capability view(s)","TECH-01 · TECH-02 · TECH-08"
"Retail","retail","06/06","retail-conversion-sales-context","Conversion & sales context","prove","Technology","5 implementation card(s), 4 with a photo","missing photo for 1 card(s)","impl-milesight-vs361-passerby · impl-xovis-3d-entrance · impl-milesight-vs125p-entrance · impl-ip-detection-indoor · impl-business-data-connection"
"Retail","retail","06/06","retail-conversion-sales-context","Conversion & sales context","prove","Requirements","4 derived output(s), 4/5 implementation(s) with installation essentials","missing installation essentials for 1 implementation(s)","retail-conversion-sales-context-capture · retail-conversion-rate · retail-average-transaction-value · retail-sales-per-visitor"
"Retail","retail","06/06","retail-conversion-sales-context","Conversion & sales context","prove","Privacy","5 statement(s), 1 fully source-backed","4 statement(s) not yet fully source-backed","impl-milesight-vs361-passerby · impl-xovis-3d-entrance · impl-milesight-vs125p-entrance · impl-ip-detection-indoor · impl-business-data-connection"
"Retail","retail","06/06","retail-conversion-sales-context","Conversion & sales context","prove","In practice","1 proof(s)","","CASE-RET-01"
"Shopping Centre","shopping-centre","01/08","shopping-centre-catchment-area","Catchment area","context","How it works","1 capability view(s), 0 with an illustration, 0 with a video","missing illustration for 1 capability view(s)","TECH-07"
"Shopping Centre","shopping-centre","01/08","shopping-centre-catchment-area","Catchment area","context","Technology","1 implementation card(s), 0 with a photo","missing photo for 1 card(s)","impl-aggregate-geo-mobility"
"Shopping Centre","shopping-centre","01/08","shopping-centre-catchment-area","Catchment area","context","Requirements","1 derived output(s), 0/1 implementation(s) with installation essentials","missing installation essentials for 1 implementation(s)","shopping-centre-catchment-reach"
"Shopping Centre","shopping-centre","01/08","shopping-centre-catchment-area","Catchment area","context","Privacy","1 statement(s), 1 fully source-backed","","impl-aggregate-geo-mobility"
"Shopping Centre","shopping-centre","01/08","shopping-centre-catchment-area","Catchment area","context","In practice","nothing — no customer proof is permitted here yet","EMPTY — needs an approved customer proof, or stays deliberately empty",""
"Shopping Centre","shopping-centre","02/08","shopping-centre-entrances","Centre entrances","measure","How it works","1 capability view(s), 1 with an illustration, 1 with a video","","TECH-02"
"Shopping Centre","shopping-centre","02/08","shopping-centre-entrances","Centre entrances","measure","Technology","3 implementation card(s), 3 with a photo","","impl-xovis-3d-entrance · impl-milesight-vs125p-entrance · impl-ip-detection-indoor"
"Shopping Centre","shopping-centre","02/08","shopping-centre-entrances","Centre entrances","measure","Requirements","1 derived output(s), 3/3 implementation(s) with installation essentials","","shopping-centre-entrance-rhythm"
"Shopping Centre","shopping-centre","02/08","shopping-centre-entrances","Centre entrances","measure","Privacy","3 statement(s), 1 fully source-backed","2 statement(s) not yet fully source-backed","impl-xovis-3d-entrance · impl-milesight-vs125p-entrance · impl-ip-detection-indoor"
"Shopping Centre","shopping-centre","02/08","shopping-centre-entrances","Centre entrances","measure","In practice","nothing — no customer proof is permitted here yet","EMPTY — needs an approved customer proof, or stays deliberately empty",""
"Shopping Centre","shopping-centre","03/08","shopping-centre-visitor-composition","Visitor composition","measure","How it works","1 capability view(s), 1 with an illustration, 0 with a video","","TECH-03"
"Shopping Centre","shopping-centre","03/08","shopping-centre-visitor-composition","Visitor composition","measure","Technology","3 implementation card(s), 2 with a photo","missing photo for 1 card(s)","impl-milesight-vs125p-entrance · impl-ip-detection-indoor · impl-configured-classification"
"Shopping Centre","shopping-centre","03/08","shopping-centre-visitor-composition","Visitor composition","measure","Requirements","1 derived output(s), 2/3 implementation(s) with installation essentials","missing installation essentials for 1 implementation(s)","shopping-centre-visitor-composition-classification"
"Shopping Centre","shopping-centre","03/08","shopping-centre-visitor-composition","Visitor composition","measure","Privacy","3 statement(s), 0 fully source-backed","3 statement(s) not yet fully source-backed","impl-milesight-vs125p-entrance · impl-ip-detection-indoor · impl-configured-classification"
"Shopping Centre","shopping-centre","03/08","shopping-centre-visitor-composition","Visitor composition","measure","In practice","nothing — no customer proof is permitted here yet","EMPTY — needs an approved customer proof, or stays deliberately empty",""
"Shopping Centre","shopping-centre","04/08","shopping-centre-internal-circulation","Internal circulation","understand","How it works","1 capability view(s), 1 with an illustration, 1 with a video","","TECH-02"
"Shopping Centre","shopping-centre","04/08","shopping-centre-internal-circulation","Internal circulation","understand","Technology","2 implementation card(s), 2 with a photo","","impl-xovis-3d-entrance · impl-milesight-vs125p-entrance"
"Shopping Centre","shopping-centre","04/08","shopping-centre-internal-circulation","Internal circulation","understand","Requirements","1 derived output(s), 2/2 implementation(s) with installation essentials","","shopping-centre-internal-circulation-flow"
"Shopping Centre","shopping-centre","04/08","shopping-centre-internal-circulation","Internal circulation","understand","Privacy","2 statement(s), 1 fully source-backed","1 statement(s) not yet fully source-backed","impl-xovis-3d-entrance · impl-milesight-vs125p-entrance"
"Shopping Centre","shopping-centre","04/08","shopping-centre-internal-circulation","Internal circulation","understand","In practice","nothing — no customer proof is permitted here yet","EMPTY — needs an approved customer proof, or stays deliberately empty",""
"Shopping Centre","shopping-centre","05/08","shopping-centre-zone-anchor-exposure","Zone & anchor exposure","understand","How it works","1 capability view(s), 1 with an illustration, 0 with a video","","TECH-04"
"Shopping Centre","shopping-centre","05/08","shopping-centre-zone-anchor-exposure","Zone & anchor exposure","understand","Technology","1 implementation card(s), 1 with a photo","","impl-ip-detection-indoor"
"Shopping Centre","shopping-centre","05/08","shopping-centre-zone-anchor-exposure","Zone & anchor exposure","understand","Requirements","1 derived output(s), 1/1 implementation(s) with installation essentials","","shopping-centre-zone-anchor-exposure"
"Shopping Centre","shopping-centre","05/08","shopping-centre-zone-anchor-exposure","Zone & anchor exposure","understand","Privacy","1 statement(s), 0 fully source-backed","1 statement(s) not yet fully source-backed","impl-ip-detection-indoor"
"Shopping Centre","shopping-centre","05/08","shopping-centre-zone-anchor-exposure","Zone & anchor exposure","understand","In practice","nothing — no customer proof is permitted here yet","EMPTY — needs an approved customer proof, or stays deliberately empty",""
"Shopping Centre","shopping-centre","06/08","shopping-centre-brand-counting","Brand counting","understand","How it works","1 capability view(s), 1 with an illustration, 1 with a video","","TECH-02"
"Shopping Centre","shopping-centre","06/08","shopping-centre-brand-counting","Brand counting","understand","Technology","3 implementation card(s), 3 with a photo","","impl-xovis-3d-entrance · impl-milesight-vs125p-entrance · impl-ip-detection-indoor"
"Shopping Centre","shopping-centre","06/08","shopping-centre-brand-counting","Brand counting","understand","Requirements","1 derived output(s), 3/3 implementation(s) with installation essentials","","shopping-centre-brand-visits"
"Shopping Centre","shopping-centre","06/08","shopping-centre-brand-counting","Brand counting","understand","Privacy","3 statement(s), 1 fully source-backed","2 statement(s) not yet fully source-backed","impl-xovis-3d-entrance · impl-milesight-vs125p-entrance · impl-ip-detection-indoor"
"Shopping Centre","shopping-centre","06/08","shopping-centre-brand-counting","Brand counting","understand","In practice","nothing — no customer proof is permitted here yet","EMPTY — needs an approved customer proof, or stays deliberately empty",""
"Shopping Centre","shopping-centre","07/08","shopping-centre-brand-flow","Brand flow","understand","How it works","2 capability view(s), 2 with an illustration, 0 with a video","","TECH-05 · TECH-04"
"Shopping Centre","shopping-centre","07/08","shopping-centre-brand-flow","Brand flow","understand","Technology","2 implementation card(s), 2 with a photo","","impl-ip-detection-indoor"
"Shopping Centre","shopping-centre","07/08","shopping-centre-brand-flow","Brand flow","understand","Requirements","1 derived output(s), 2/2 implementation(s) with installation essentials","","shopping-centre-brand-flow-sequences"
"Shopping Centre","shopping-centre","07/08","shopping-centre-brand-flow","Brand flow","understand","Privacy","2 statement(s), 0 fully source-backed","2 statement(s) not yet fully source-backed","impl-ip-detection-indoor"
"Shopping Centre","shopping-centre","07/08","shopping-centre-brand-flow","Brand flow","understand","In practice","nothing — no customer proof is permitted here yet","EMPTY — needs an approved customer proof, or stays deliberately empty",""
"Shopping Centre","shopping-centre","08/08","shopping-centre-time-in-centre","Time in centre","understand","How it works","2 capability view(s), 2 with an illustration, 0 with a video","","TECH-05 · TECH-04"
"Shopping Centre","shopping-centre","08/08","shopping-centre-time-in-centre","Time in centre","understand","Technology","2 implementation card(s), 2 with a photo","","impl-ip-detection-indoor"
"Shopping Centre","shopping-centre","08/08","shopping-centre-time-in-centre","Time in centre","understand","Requirements","1 derived output(s), 2/2 implementation(s) with installation essentials","","shopping-centre-time-in-centre-distribution"
"Shopping Centre","shopping-centre","08/08","shopping-centre-time-in-centre","Time in centre","understand","Privacy","2 statement(s), 0 fully source-backed","2 statement(s) not yet fully source-backed","impl-ip-detection-indoor"
"Shopping Centre","shopping-centre","08/08","shopping-centre-time-in-centre","Time in centre","understand","In practice","nothing — no customer proof is permitted here yet","EMPTY — needs an approved customer proof, or stays deliberately empty",""
"Retail Park","retail-park","01/07","retail-park-catchment-area","Catchment area","context","How it works","1 capability view(s), 0 with an illustration, 0 with a video","missing illustration for 1 capability view(s)","TECH-07"
"Retail Park","retail-park","01/07","retail-park-catchment-area","Catchment area","context","Technology","1 implementation card(s), 0 with a photo","missing photo for 1 card(s)","impl-aggregate-geo-mobility"
"Retail Park","retail-park","01/07","retail-park-catchment-area","Catchment area","context","Requirements","1 derived output(s), 0/1 implementation(s) with installation essentials","missing installation essentials for 1 implementation(s)","retail-park-catchment-reach"
"Retail Park","retail-park","01/07","retail-park-catchment-area","Catchment area","context","Privacy","1 statement(s), 1 fully source-backed","","impl-aggregate-geo-mobility"
"Retail Park","retail-park","01/07","retail-park-catchment-area","Catchment area","context","In practice","nothing — no customer proof is permitted here yet","EMPTY — needs an approved customer proof, or stays deliberately empty",""
"Retail Park","retail-park","02/07","retail-park-vehicle-arrival","Vehicle arrival","measure","How it works","1 capability view(s), 1 with an illustration, 0 with a video","","TECH-06"
"Retail Park","retail-park","02/07","retail-park-vehicle-arrival","Vehicle arrival","measure","Technology","2 implementation card(s), 2 with a photo","","impl-ip-detection-outdoor · impl-tattile-anpr-vehicle"
"Retail Park","retail-park","02/07","retail-park-vehicle-arrival","Vehicle arrival","measure","Requirements","1 derived output(s), 1/2 implementation(s) with installation essentials","missing installation essentials for 1 implementation(s)","retail-park-vehicle-arrival-rhythm"
"Retail Park","retail-park","02/07","retail-park-vehicle-arrival","Vehicle arrival","measure","Privacy","2 statement(s), 0 fully source-backed","2 statement(s) not yet fully source-backed","impl-ip-detection-outdoor · impl-tattile-anpr-vehicle"
"Retail Park","retail-park","02/07","retail-park-vehicle-arrival","Vehicle arrival","measure","In practice","nothing — no customer proof is permitted here yet","EMPTY — needs an approved customer proof, or stays deliberately empty",""
"Retail Park","retail-park","03/07","retail-park-parking-occupancy","Parking occupancy","measure","How it works","1 capability view(s), 1 with an illustration, 0 with a video","","TECH-06"
"Retail Park","retail-park","03/07","retail-park-parking-occupancy","Parking occupancy","measure","Technology","2 implementation card(s), 2 with a photo","","impl-ip-detection-outdoor · impl-tattile-anpr-vehicle"
"Retail Park","retail-park","03/07","retail-park-parking-occupancy","Parking occupancy","measure","Requirements","1 derived output(s), 1/2 implementation(s) with installation essentials","missing installation essentials for 1 implementation(s)","retail-park-parking-pressure"
"Retail Park","retail-park","03/07","retail-park-parking-occupancy","Parking occupancy","measure","Privacy","2 statement(s), 0 fully source-backed","2 statement(s) not yet fully source-backed","impl-ip-detection-outdoor · impl-tattile-anpr-vehicle"
"Retail Park","retail-park","03/07","retail-park-parking-occupancy","Parking occupancy","measure","In practice","nothing — no customer proof is permitted here yet","EMPTY — needs an approved customer proof, or stays deliberately empty",""
"Retail Park","retail-park","04/07","retail-park-unit-visits","Unit visits","measure","How it works","1 capability view(s), 1 with an illustration, 1 with a video","","TECH-02"
"Retail Park","retail-park","04/07","retail-park-unit-visits","Unit visits","measure","Technology","2 implementation card(s), 2 with a photo","","impl-milesight-vs125p-entrance · impl-xovis-3d-entrance-outdoor"
"Retail Park","retail-park","04/07","retail-park-unit-visits","Unit visits","measure","Requirements","1 derived output(s), 1/2 implementation(s) with installation essentials","missing installation essentials for 1 implementation(s)","retail-park-unit-visits-by-period"
"Retail Park","retail-park","04/07","retail-park-unit-visits","Unit visits","measure","Privacy","2 statement(s), 0 fully source-backed","2 statement(s) not yet fully source-backed","impl-milesight-vs125p-entrance · impl-xovis-3d-entrance-outdoor"
"Retail Park","retail-park","04/07","retail-park-unit-visits","Unit visits","measure","In practice","nothing — no customer proof is permitted here yet","EMPTY — needs an approved customer proof, or stays deliberately empty",""
"Retail Park","retail-park","05/07","retail-park-cross-visitation","Cross-visitation","understand","How it works","1 capability view(s), 1 with an illustration, 0 with a video","","TECH-05"
"Retail Park","retail-park","05/07","retail-park-cross-visitation","Cross-visitation","understand","Technology","1 implementation card(s), 1 with a photo","","impl-ip-detection-outdoor"
"Retail Park","retail-park","05/07","retail-park-cross-visitation","Cross-visitation","understand","Requirements","1 derived output(s), 1/1 implementation(s) with installation essentials","","retail-park-unit-cross-visitation"
"Retail Park","retail-park","05/07","retail-park-cross-visitation","Cross-visitation","understand","Privacy","1 statement(s), 0 fully source-backed","1 statement(s) not yet fully source-backed","impl-ip-detection-outdoor"
"Retail Park","retail-park","05/07","retail-park-cross-visitation","Cross-visitation","understand","In practice","nothing — no customer proof is permitted here yet","EMPTY — needs an approved customer proof, or stays deliberately empty",""
"Retail Park","retail-park","06/07","retail-park-time-on-site","Time on site","understand","How it works","2 capability view(s), 2 with an illustration, 0 with a video","","TECH-05 · TECH-06"
"Retail Park","retail-park","06/07","retail-park-time-on-site","Time on site","understand","Technology","3 implementation card(s), 3 with a photo","","impl-ip-detection-outdoor · impl-tattile-anpr-vehicle"
"Retail Park","retail-park","06/07","retail-park-time-on-site","Time on site","understand","Requirements","1 derived output(s), 2/3 implementation(s) with installation essentials","missing installation essentials for 1 implementation(s)","retail-park-time-on-site-distribution"
"Retail Park","retail-park","06/07","retail-park-time-on-site","Time on site","understand","Privacy","3 statement(s), 0 fully source-backed","3 statement(s) not yet fully source-backed","impl-ip-detection-outdoor · impl-tattile-anpr-vehicle"
"Retail Park","retail-park","06/07","retail-park-time-on-site","Time on site","understand","In practice","nothing — no customer proof is permitted here yet","EMPTY — needs an approved customer proof, or stays deliberately empty",""
"Retail Park","retail-park","07/07","retail-park-unit-category-exposure","Unit & category exposure","understand","How it works","1 capability view(s), 1 with an illustration, 1 with a video","","TECH-02"
"Retail Park","retail-park","07/07","retail-park-unit-category-exposure","Unit & category exposure","understand","Technology","2 implementation card(s), 2 with a photo","","impl-milesight-vs125p-entrance · impl-xovis-3d-entrance-outdoor"
"Retail Park","retail-park","07/07","retail-park-unit-category-exposure","Unit & category exposure","understand","Requirements","1 derived output(s), 1/2 implementation(s) with installation essentials","missing installation essentials for 1 implementation(s)","retail-park-unit-category-exposure"
"Retail Park","retail-park","07/07","retail-park-unit-category-exposure","Unit & category exposure","understand","Privacy","2 statement(s), 0 fully source-backed","2 statement(s) not yet fully source-backed","impl-milesight-vs125p-entrance · impl-xovis-3d-entrance-outdoor"
"Retail Park","retail-park","07/07","retail-park-unit-category-exposure","Unit & category exposure","understand","In practice","nothing — no customer proof is permitted here yet","EMPTY — needs an approved customer proof, or stays deliberately empty",""
"Outlet Centre","outlet-centre","01/10","outlet-centre-destination-catchment","Destination catchment","context","How it works","1 capability view(s), 0 with an illustration, 0 with a video","missing illustration for 1 capability view(s)","TECH-07"
"Outlet Centre","outlet-centre","01/10","outlet-centre-destination-catchment","Destination catchment","context","Technology","1 implementation card(s), 0 with a photo","missing photo for 1 card(s)","impl-aggregate-geo-mobility"
"Outlet Centre","outlet-centre","01/10","outlet-centre-destination-catchment","Destination catchment","context","Requirements","1 derived output(s), 0/1 implementation(s) with installation essentials","missing installation essentials for 1 implementation(s)","outlet-centre-destination-reach"
"Outlet Centre","outlet-centre","01/10","outlet-centre-destination-catchment","Destination catchment","context","Privacy","1 statement(s), 1 fully source-backed","","impl-aggregate-geo-mobility"
"Outlet Centre","outlet-centre","01/10","outlet-centre-destination-catchment","Destination catchment","context","In practice","nothing — no customer proof is permitted here yet","EMPTY — needs an approved customer proof, or stays deliberately empty",""
"Outlet Centre","outlet-centre","02/10","outlet-centre-tourism-origin-context","Tourism & origin context","context","How it works","1 capability view(s), 0 with an illustration, 0 with a video","missing illustration for 1 capability view(s)","TECH-07"
"Outlet Centre","outlet-centre","02/10","outlet-centre-tourism-origin-context","Tourism & origin context","context","Technology","1 implementation card(s), 0 with a photo","missing photo for 1 card(s)","impl-aggregate-geo-mobility"
"Outlet Centre","outlet-centre","02/10","outlet-centre-tourism-origin-context","Tourism & origin context","context","Requirements","1 derived output(s), 0/1 implementation(s) with installation essentials","missing installation essentials for 1 implementation(s)","outlet-centre-tourism-origin-mix"
"Outlet Centre","outlet-centre","02/10","outlet-centre-tourism-origin-context","Tourism & origin context","context","Privacy","1 statement(s), 1 fully source-backed","","impl-aggregate-geo-mobility"
"Outlet Centre","outlet-centre","02/10","outlet-centre-tourism-origin-context","Tourism & origin context","context","In practice","nothing — no customer proof is permitted here yet","EMPTY — needs an approved customer proof, or stays deliberately empty",""
"Outlet Centre","outlet-centre","03/10","outlet-centre-vehicle-coach-arrival","Vehicle & coach arrival","measure","How it works","1 capability view(s), 1 with an illustration, 0 with a video","","TECH-06"
"Outlet Centre","outlet-centre","03/10","outlet-centre-vehicle-coach-arrival","Vehicle & coach arrival","measure","Technology","2 implementation card(s), 2 with a photo","","impl-ip-detection-outdoor · impl-tattile-anpr-vehicle"
"Outlet Centre","outlet-centre","03/10","outlet-centre-vehicle-coach-arrival","Vehicle & coach arrival","measure","Requirements","2 derived output(s), 1/2 implementation(s) with installation essentials","missing installation essentials for 1 implementation(s)","outlet-centre-arrival-rhythm · outlet-centre-coach-car-pattern"
"Outlet Centre","outlet-centre","03/10","outlet-centre-vehicle-coach-arrival","Vehicle & coach arrival","measure","Privacy","2 statement(s), 0 fully source-backed","2 statement(s) not yet fully source-backed","impl-ip-detection-outdoor · impl-tattile-anpr-vehicle"
"Outlet Centre","outlet-centre","03/10","outlet-centre-vehicle-coach-arrival","Vehicle & coach arrival","measure","In practice","nothing — no customer proof is permitted here yet","EMPTY — needs an approved customer proof, or stays deliberately empty",""
"Outlet Centre","outlet-centre","04/10","outlet-centre-entrances","Centre entrances","measure","How it works","1 capability view(s), 1 with an illustration, 1 with a video","","TECH-02"
"Outlet Centre","outlet-centre","04/10","outlet-centre-entrances","Centre entrances","measure","Technology","3 implementation card(s), 3 with a photo","","impl-milesight-vs125p-entrance · impl-xovis-3d-entrance-outdoor · impl-ip-detection-outdoor"
"Outlet Centre","outlet-centre","04/10","outlet-centre-entrances","Centre entrances","measure","Requirements","1 derived output(s), 2/3 implementation(s) with installation essentials","missing installation essentials for 1 implementation(s)","outlet-centre-entrance-rhythm"
"Outlet Centre","outlet-centre","04/10","outlet-centre-entrances","Centre entrances","measure","Privacy","3 statement(s), 0 fully source-backed","3 statement(s) not yet fully source-backed","impl-milesight-vs125p-entrance · impl-xovis-3d-entrance-outdoor · impl-ip-detection-outdoor"
"Outlet Centre","outlet-centre","04/10","outlet-centre-entrances","Centre entrances","measure","In practice","nothing — no customer proof is permitted here yet","EMPTY — needs an approved customer proof, or stays deliberately empty",""
"Outlet Centre","outlet-centre","05/10","outlet-centre-visitor-composition","Visitor composition","measure","How it works","1 capability view(s), 1 with an illustration, 0 with a video","","TECH-03"
"Outlet Centre","outlet-centre","05/10","outlet-centre-visitor-composition","Visitor composition","measure","Technology","3 implementation card(s), 2 with a photo","missing photo for 1 card(s)","impl-milesight-vs125p-entrance · impl-ip-detection-outdoor · impl-configured-classification"
"Outlet Centre","outlet-centre","05/10","outlet-centre-visitor-composition","Visitor composition","measure","Requirements","1 derived output(s), 2/3 implementation(s) with installation essentials","missing installation essentials for 1 implementation(s)","outlet-centre-visitor-composition-classification"
"Outlet Centre","outlet-centre","05/10","outlet-centre-visitor-composition","Visitor composition","measure","Privacy","3 statement(s), 0 fully source-backed","3 statement(s) not yet fully source-backed","impl-milesight-vs125p-entrance · impl-ip-detection-outdoor · impl-configured-classification"
"Outlet Centre","outlet-centre","05/10","outlet-centre-visitor-composition","Visitor composition","measure","In practice","nothing — no customer proof is permitted here yet","EMPTY — needs an approved customer proof, or stays deliberately empty",""
"Outlet Centre","outlet-centre","06/10","outlet-centre-circulation","Circulation","understand","How it works","1 capability view(s), 1 with an illustration, 0 with a video","","TECH-04"
"Outlet Centre","outlet-centre","06/10","outlet-centre-circulation","Circulation","understand","Technology","1 implementation card(s), 1 with a photo","","impl-ip-detection-outdoor"
"Outlet Centre","outlet-centre","06/10","outlet-centre-circulation","Circulation","understand","Requirements","1 derived output(s), 1/1 implementation(s) with installation essentials","","outlet-centre-circulation-pattern"
"Outlet Centre","outlet-centre","06/10","outlet-centre-circulation","Circulation","understand","Privacy","1 statement(s), 0 fully source-backed","1 statement(s) not yet fully source-backed","impl-ip-detection-outdoor"
"Outlet Centre","outlet-centre","06/10","outlet-centre-circulation","Circulation","understand","In practice","nothing — no customer proof is permitted here yet","EMPTY — needs an approved customer proof, or stays deliberately empty",""
"Outlet Centre","outlet-centre","07/10","outlet-centre-zone-exposure-dwell","Zone exposure & dwell","understand","How it works","1 capability view(s), 1 with an illustration, 0 with a video","","TECH-04"
"Outlet Centre","outlet-centre","07/10","outlet-centre-zone-exposure-dwell","Zone exposure & dwell","understand","Technology","1 implementation card(s), 1 with a photo","","impl-ip-detection-outdoor"
"Outlet Centre","outlet-centre","07/10","outlet-centre-zone-exposure-dwell","Zone exposure & dwell","understand","Requirements","1 derived output(s), 1/1 implementation(s) with installation essentials","","outlet-centre-zone-exposure"
"Outlet Centre","outlet-centre","07/10","outlet-centre-zone-exposure-dwell","Zone exposure & dwell","understand","Privacy","1 statement(s), 0 fully source-backed","1 statement(s) not yet fully source-backed","impl-ip-detection-outdoor"
"Outlet Centre","outlet-centre","07/10","outlet-centre-zone-exposure-dwell","Zone exposure & dwell","understand","In practice","nothing — no customer proof is permitted here yet","EMPTY — needs an approved customer proof, or stays deliberately empty",""
"Outlet Centre","outlet-centre","08/10","outlet-centre-brand-counting","Brand counting","understand","How it works","1 capability view(s), 1 with an illustration, 1 with a video","","TECH-02"
"Outlet Centre","outlet-centre","08/10","outlet-centre-brand-counting","Brand counting","understand","Technology","3 implementation card(s), 3 with a photo","","impl-milesight-vs125p-entrance · impl-xovis-3d-entrance-outdoor · impl-ip-detection-outdoor"
"Outlet Centre","outlet-centre","08/10","outlet-centre-brand-counting","Brand counting","understand","Requirements","1 derived output(s), 2/3 implementation(s) with installation essentials","missing installation essentials for 1 implementation(s)","outlet-centre-brand-visits"
"Outlet Centre","outlet-centre","08/10","outlet-centre-brand-counting","Brand counting","understand","Privacy","3 statement(s), 0 fully source-backed","3 statement(s) not yet fully source-backed","impl-milesight-vs125p-entrance · impl-xovis-3d-entrance-outdoor · impl-ip-detection-outdoor"
"Outlet Centre","outlet-centre","08/10","outlet-centre-brand-counting","Brand counting","understand","In practice","nothing — no customer proof is permitted here yet","EMPTY — needs an approved customer proof, or stays deliberately empty",""
"Outlet Centre","outlet-centre","09/10","outlet-centre-brand-flow","Brand flow","understand","How it works","1 capability view(s), 1 with an illustration, 0 with a video","","TECH-05"
"Outlet Centre","outlet-centre","09/10","outlet-centre-brand-flow","Brand flow","understand","Technology","1 implementation card(s), 1 with a photo","","impl-ip-detection-outdoor"
"Outlet Centre","outlet-centre","09/10","outlet-centre-brand-flow","Brand flow","understand","Requirements","1 derived output(s), 1/1 implementation(s) with installation essentials","","outlet-centre-brand-flow-sequences"
"Outlet Centre","outlet-centre","09/10","outlet-centre-brand-flow","Brand flow","understand","Privacy","1 statement(s), 0 fully source-backed","1 statement(s) not yet fully source-backed","impl-ip-detection-outdoor"
"Outlet Centre","outlet-centre","09/10","outlet-centre-brand-flow","Brand flow","understand","In practice","nothing — no customer proof is permitted here yet","EMPTY — needs an approved customer proof, or stays deliberately empty",""
"Outlet Centre","outlet-centre","10/10","outlet-centre-time-in-destination","Time in destination","understand","How it works","2 capability view(s), 2 with an illustration, 0 with a video","","TECH-05 · TECH-06"
"Outlet Centre","outlet-centre","10/10","outlet-centre-time-in-destination","Time in destination","understand","Technology","2 implementation card(s), 2 with a photo","","impl-ip-detection-outdoor · impl-tattile-anpr-vehicle"
"Outlet Centre","outlet-centre","10/10","outlet-centre-time-in-destination","Time in destination","understand","Requirements","1 derived output(s), 1/2 implementation(s) with installation essentials","missing installation essentials for 1 implementation(s)","outlet-centre-time-in-destination-distribution"
"Outlet Centre","outlet-centre","10/10","outlet-centre-time-in-destination","Time in destination","understand","Privacy","2 statement(s), 0 fully source-backed","2 statement(s) not yet fully source-backed","impl-ip-detection-outdoor · impl-tattile-anpr-vehicle"
"Outlet Centre","outlet-centre","10/10","outlet-centre-time-in-destination","Time in destination","understand","In practice","nothing — no customer proof is permitted here yet","EMPTY — needs an approved customer proof, or stays deliberately empty",""
"Drive-Thru Performance","qsr","01/06","qsr-drive-thru-context","Drive-thru context","context","How it works","2 capability view(s), 2 with an illustration, 0 with a video","","TECH-QSR-01 · TECH-QSR-02"
"Drive-Thru Performance","qsr","01/06","qsr-drive-thru-context","Drive-thru context","context","Technology","3 implementation card(s), 2 with a photo","missing photo for 1 card(s)","impl-hme-zoom-nitro-timer · impl-compatible-vehicle-detection"
"Drive-Thru Performance","qsr","01/06","qsr-drive-thru-context","Drive-thru context","context","Requirements","3 derived output(s), 0/3 implementation(s) with installation essentials","missing installation essentials for 3 implementation(s)","qsr-lane-total-time · qsr-throughput · qsr-goal-attainment"
"Drive-Thru Performance","qsr","01/06","qsr-drive-thru-context","Drive-thru context","context","Privacy","3 statement(s), 0 fully source-backed","3 statement(s) not yet fully source-backed","impl-hme-zoom-nitro-timer · impl-compatible-vehicle-detection"
"Drive-Thru Performance","qsr","01/06","qsr-drive-thru-context","Drive-thru context","context","In practice","nothing — no customer proof is permitted here yet","EMPTY — needs an approved customer proof, or stays deliberately empty",""
"Drive-Thru Performance","qsr","02/06","qsr-queue","Queue formation","measure","How it works","2 capability view(s), 2 with an illustration, 0 with a video","","TECH-QSR-01 · TECH-QSR-02"
"Drive-Thru Performance","qsr","02/06","qsr-queue","Queue formation","measure","Technology","3 implementation card(s), 2 with a photo","missing photo for 1 card(s)","impl-hme-zoom-nitro-timer · impl-compatible-vehicle-detection"
"Drive-Thru Performance","qsr","02/06","qsr-queue","Queue formation","measure","Requirements","3 derived output(s), 0/3 implementation(s) with installation essentials","missing installation essentials for 3 implementation(s)","qsr-queue-time · qsr-peak-queue · qsr-drive-off"
"Drive-Thru Performance","qsr","02/06","qsr-queue","Queue formation","measure","Privacy","3 statement(s), 0 fully source-backed","3 statement(s) not yet fully source-backed","impl-hme-zoom-nitro-timer · impl-compatible-vehicle-detection"
"Drive-Thru Performance","qsr","02/06","qsr-queue","Queue formation","measure","In practice","nothing — no customer proof is permitted here yet","EMPTY — needs an approved customer proof, or stays deliberately empty",""
"Drive-Thru Performance","qsr","03/06","qsr-order","Order point & guest communication","measure","How it works","3 capability view(s), 2 with an illustration, 0 with a video","missing illustration for 1 capability view(s)","TECH-QSR-02 · TECH-QSR-03 · TECH-QSR-04"
"Drive-Thru Performance","qsr","03/06","qsr-order","Order point & guest communication","measure","Technology","6 implementation card(s), 1 with a photo","missing photo for 5 card(s)","impl-hme-zoom-nitro-timer · impl-hme-nexeo-core · impl-hme-nexeo · impl-hme-nexeo-pro · impl-hme-text-and-connect · impl-hme-clearsoundx"
"Drive-Thru Performance","qsr","03/06","qsr-order","Order point & guest communication","measure","Requirements","1 derived output(s), 0/6 implementation(s) with installation essentials","missing installation essentials for 6 implementation(s)","qsr-order-stage-time"
"Drive-Thru Performance","qsr","03/06","qsr-order","Order point & guest communication","measure","Privacy","6 statement(s), 0 fully source-backed","6 statement(s) not yet fully source-backed","impl-hme-zoom-nitro-timer · impl-hme-nexeo-core · impl-hme-nexeo · impl-hme-nexeo-pro · impl-hme-text-and-connect · impl-hme-clearsoundx"
"Drive-Thru Performance","qsr","03/06","qsr-order","Order point & guest communication","measure","In practice","nothing — no customer proof is permitted here yet","EMPTY — needs an approved customer proof, or stays deliberately empty",""
"Drive-Thru Performance","qsr","04/06","qsr-bottleneck","Bottleneck diagnosis","understand","How it works","2 capability view(s), 1 with an illustration, 0 with a video","missing illustration for 1 capability view(s)","TECH-QSR-02 · TECH-QSR-07"
"Drive-Thru Performance","qsr","04/06","qsr-bottleneck","Bottleneck diagnosis","understand","Technology","2 implementation card(s), 1 with a photo","missing photo for 1 card(s)","impl-hme-zoom-nitro-timer · impl-hme-zoom-nitro-data-cloud"
"Drive-Thru Performance","qsr","04/06","qsr-bottleneck","Bottleneck diagnosis","understand","Requirements","2 derived output(s), 0/2 implementation(s) with installation essentials","missing installation essentials for 2 implementation(s)","qsr-stage-comparison · qsr-goal-variance"
"Drive-Thru Performance","qsr","04/06","qsr-bottleneck","Bottleneck diagnosis","understand","Privacy","2 statement(s), 0 fully source-backed","2 statement(s) not yet fully source-backed","impl-hme-zoom-nitro-timer · impl-hme-zoom-nitro-data-cloud"
"Drive-Thru Performance","qsr","04/06","qsr-bottleneck","Bottleneck diagnosis","understand","In practice","nothing — no customer proof is permitted here yet","EMPTY — needs an approved customer proof, or stays deliberately empty",""
"Drive-Thru Performance","qsr","05/06","qsr-respond","Real-time response","understand","How it works","3 capability view(s), 3 with an illustration, 0 with a video","","TECH-QSR-02 · TECH-QSR-06 · TECH-QSR-03"
"Drive-Thru Performance","qsr","05/06","qsr-respond","Real-time response","understand","Technology","6 implementation card(s), 1 with a photo","missing photo for 5 card(s)","impl-hme-zoom-nitro-timer · impl-hme-zoom-nitro-nexeo-alerting · impl-hme-nexeo-core · impl-hme-nexeo · impl-hme-nexeo-pro · impl-hme-text-and-connect"
"Drive-Thru Performance","qsr","05/06","qsr-respond","Real-time response","understand","Requirements","2 derived output(s), 0/6 implementation(s) with installation essentials","missing installation essentials for 6 implementation(s)","qsr-threshold-alert · qsr-closed-loop-response"
"Drive-Thru Performance","qsr","05/06","qsr-respond","Real-time response","understand","Privacy","6 statement(s), 0 fully source-backed","6 statement(s) not yet fully source-backed","impl-hme-zoom-nitro-timer · impl-hme-zoom-nitro-nexeo-alerting · impl-hme-nexeo-core · impl-hme-nexeo · impl-hme-nexeo-pro · impl-hme-text-and-connect"
"Drive-Thru Performance","qsr","05/06","qsr-respond","Real-time response","understand","In practice","nothing — no customer proof is permitted here yet","EMPTY — needs an approved customer proof, or stays deliberately empty",""
"Drive-Thru Performance","qsr","06/06","qsr-estate","Estate performance","prove","How it works","2 capability view(s), 1 with an illustration, 0 with a video","missing illustration for 1 capability view(s)","TECH-QSR-07 · TECH-QSR-02"
"Drive-Thru Performance","qsr","06/06","qsr-estate","Estate performance","prove","Technology","2 implementation card(s), 1 with a photo","missing photo for 1 card(s)","impl-hme-zoom-nitro-data-cloud · impl-hme-zoom-nitro-timer"
"Drive-Thru Performance","qsr","06/06","qsr-estate","Estate performance","prove","Requirements","1 derived output(s), 0/2 implementation(s) with installation essentials","missing installation essentials for 2 implementation(s)","qsr-estate-comparison"
"Drive-Thru Performance","qsr","06/06","qsr-estate","Estate performance","prove","Privacy","2 statement(s), 0 fully source-backed","2 statement(s) not yet fully source-backed","impl-hme-zoom-nitro-data-cloud · impl-hme-zoom-nitro-timer"
"Drive-Thru Performance","qsr","06/06","qsr-estate","Estate performance","prove","In practice","nothing — no customer proof is permitted here yet","EMPTY — needs an approved customer proof, or stays deliberately empty",""
