"segment","segment_id","capability_id","capability_name","purpose","scenes_using_it","illustrations_today","illustration_paths","video_path","gap","TEXT_illustration_caption","ASSET_name","ASSET_path","NOTES"
"Outlet Centre","outlet-centre","TECH-02","Entrance measurement","Explain how visitors are counted accurately at the outlet's entrances — with a Basic or Premium 3D sensor overhead, or with an IP detection sensor.","04/10 Centre entrances · 08/10 Brand counting","1","/assets/technology/explainers/outlet-centre-entrance-counting-explainer.svg","","","","","",""
"Outlet Centre","outlet-centre","TECH-03","Anonymous visitor classification","Explain configured anonymous visitor attributes or buying-unit patterns.","05/10 Visitor composition","1","/assets/technology/explainers/outlet-centre-anonymous-classification-explainer.png","","","","","",""
"Outlet Centre","outlet-centre","TECH-04","Spatial movement intelligence","Explain how IP detection sensors count visitors crossing configured lines between outlet streets, zones and anchors, inside the covered views only.","06/10 Circulation · 07/10 Zone exposure & dwell","1","/assets/technology/explainers/outlet-centre-zone-counting-lines-explainer.svg","","","","","",""
"Outlet Centre","outlet-centre","TECH-05","Anonymous visit matching","Explain how an IP detection sensor at each store anonymously re-identifies the same observed appearance at the next, so movement between brands and time in the destination can be measured inside configured coverage.","09/10 Brand flow · 10/10 Time in destination","1","/assets/technology/explainers/outlet-centre-anonymous-re-id-explainer.svg","","","","","",""
"Outlet Centre","outlet-centre","TECH-06","Vehicle and parking intelligence","Explain vehicle arrival, access and parking pressure as separate measurement questions.","03/10 Vehicle & coach arrival · 10/10 Time in destination","0","","","NO ILLUSTRATION","","","",""
"Outlet Centre","outlet-centre","TECH-07","Geo, mobility and GIS","Explain how aggregate location context is added around a physical asset.","01/10 Destination catchment · 02/10 Tourism & origin context","0","","","NO ILLUSTRATION","","","",""
"Drive-Thru Performance","qsr","TECH-QSR-01","Vehicle journey detection","Explain how a vehicle is detected at configured points so a drive-thru journey timeline can exist.","01/06 Drive-thru context · 02/06 Queue formation","1","/assets/technology/qsr/qsr-hme-zoom-nitro-stage-timing-hero.png","","","","","",""
"Drive-Thru Performance","qsr","TECH-QSR-02","Real-time drive-thru timing","Explain how elapsed time between configured detection points becomes stage, queue and lane total time.","01/06 Drive-thru context · 02/06 Queue formation · 03/06 Order point & guest communication · 04/06 Bottleneck diagnosis · 05/06 Real-time response · 06/06 Estate performance","1","/assets/technology/qsr/qsr-hme-zoom-nitro-stage-timing-hero.png","","","","","",""
"Drive-Thru Performance","qsr","TECH-QSR-03","Drive-thru and crew communication","Explain guest-to-crew and crew-to-crew communication at and around the order point.","03/06 Order point & guest communication · 05/06 Real-time response","1","/assets/technology/qsr/qsr-nexeo-headset-alert-and-crew-communication-hero.png","","","","","",""
"Drive-Thru Performance","qsr","TECH-QSR-04","Audio clarity","Explain how communication quality between guest and crew can be improved in a noisy lane environment.","03/06 Order point & guest communication","0","","","NO ILLUSTRATION","","","",""
"Drive-Thru Performance","qsr","TECH-QSR-06","Alerts into workflow","Explain how a threshold event reaches the person who can change the outcome instead of another screen.","05/06 Real-time response","1","/assets/technology/qsr/qsr-nexeo-headset-alert-and-crew-communication-hero.png","","","","","",""
"Drive-Thru Performance","qsr","TECH-QSR-07","Enterprise performance intelligence","Explain multi-restaurant, hierarchy, daypart and historical comparison of measured service performance.","04/06 Bottleneck diagnosis · 06/06 Estate performance","0","","","NO ILLUSTRATION","","","",""
"Retail","retail","TECH-01","Outdoor opportunity measurement","Explain how passing movement around a frontage is measured.","01/06 Street opportunity · 02/06 Store visits · 06/06 Conversion & sales context","1","/assets/technology/explainers/passerby-physical-measurement.png","","","","","",""
"Retail","retail","TECH-02","Entrance measurement","Explain how anonymous IN/OUT movement is measured at an entrance.","01/06 Street opportunity · 02/06 Store visits · 06/06 Conversion & sales context","1","/assets/technology/explainers/entrance-threshold-measurement.png","","","","","",""
"Retail","retail","TECH-03","Anonymous visitor classification","Explain configured anonymous visitor attributes or buying-unit patterns.","03/06 Visitor composition","1","/assets/technology/explainers/retail-anonymous-classification-explainer.svg","","","","","",""
"Retail","retail","TECH-04","Spatial movement intelligence","Explain how anonymous routes, zones and dwell are measured inside a location.","04/06 In-store journey · 05/06 Zone engagement","2","/assets/technology/explainers/lidar-spatial-pointcloud.png · /assets/technology/explainers/3d-spatial-tracking.png","","","","","",""
"Retail","retail","TECH-08","Business data connection and analytics","Explain how operational or customer data is joined to movement evidence.","06/06 Conversion & sales context","0","","","NO ILLUSTRATION","","","",""
"Retail Park","retail-park","TECH-02","Entrance measurement","Explain how a Basic or Premium 3D sensor above a unit's entrance counts visitors accurately — at exactly the entrances you choose to measure.","04/07 Unit visits · 07/07 Unit & category exposure","1","/assets/technology/explainers/retail-park-unit-entrance-counting-explainer.svg","","","","","",""
"Retail Park","retail-park","TECH-05","Anonymous visit matching","Explain how IP detection sensors anonymously re-identify the same observed appearance at different units, so time on site and movement from unit to unit can be measured inside configured coverage.","05/07 Cross-visitation · 06/07 Time on site","1","/assets/technology/explainers/retail-park-anonymous-re-id-explainer.svg","","","","","",""
"Retail Park","retail-park","TECH-06","Vehicle and parking intelligence","Explain vehicle arrival, access and parking pressure as separate measurement questions.","02/07 Vehicle arrival · 03/07 Parking occupancy · 06/07 Time on site","0","","","NO ILLUSTRATION","","","",""
"Retail Park","retail-park","TECH-07","Geo, mobility and GIS","Explain how aggregate location context is added around a physical asset.","01/07 Catchment area","0","","","NO ILLUSTRATION","","","",""
"Shopping Centre","shopping-centre","TECH-02","Entrance measurement","Explain how anonymous IN/OUT movement is measured at an entrance.","02/08 Centre entrances · 04/08 Internal circulation · 06/08 Brand counting","1","/assets/technology/explainers/shopping-centre-threshold-counting-explainer.svg","","","","","",""
"Shopping Centre","shopping-centre","TECH-03","Anonymous visitor classification","Explain configured anonymous visitor attributes or buying-unit patterns.","03/08 Visitor composition","1","/assets/technology/explainers/shopping-centre-anonymous-classification-explainer.png","","","","","",""
"Shopping Centre","shopping-centre","TECH-04","Spatial movement intelligence","Explain how anonymous movement between covered areas is reconstructed from compatible IP-camera feeds using perception software, inside configured coverage only.","05/08 Zone & anchor exposure · 07/08 Brand flow · 08/08 Time in centre","1","/assets/technology/explainers/shopping-centre-camera-movement-intelligence.png","","","","","",""
"Shopping Centre","shopping-centre","TECH-05","Anonymous visit matching","Explain how IP detection sensors anonymously re-identify the same observed appearance between separate views, so dwell and movement between stores can be measured inside configured coverage.","07/08 Brand flow · 08/08 Time in centre","1","/assets/technology/explainers/shopping-centre-anonymous-re-id-explainer.png","","","","","",""
"Shopping Centre","shopping-centre","TECH-07","Geo, mobility and GIS","Explain how aggregate location context is added around a physical asset.","01/08 Catchment area","0","","","NO ILLUSTRATION","","","",""
