"implementation_id","supplier","product","role","readiness","used_in_segments","scene_uses","photo_today","installation_essentials","privacy_status","privacy_evidence","supported_claims","blocked_claims","source_refs","gap","TEXT_one_limitation","TEXT_installation_essentials","TEXT_privacy_statement","ASSET_name","ASSET_path","SOURCE_url_or_doc","NOTES"
"impl-aggregate-geo-mobility","","Approved external contextual source","Connected contextual intelligence","SOURCE_MAPPING_REQUIRED","Shopping Centre · Retail Park · Outlet Centre","4","","","source_backed","yes","1","1","1","NO PHOTO · NO INSTALLATION ESSENTIALS","","","","","","",""
"impl-business-data-connection","","Customer or external business systems","Connected business context","SOURCE_MAPPING_REQUIRED","Retail","1","","","requires_product_validation","","0","1","2","NO PHOTO · NO INSTALLATION ESSENTIALS · PRIVACY: requires_product_validation","","","","","","",""
"impl-compatible-vehicle-detection","","Compatible vehicle detection infrastructure","Vehicle detection method class","SOURCE_MAPPING_REQUIRED","Drive-Thru Performance","2","","","requires_source_mapping","","0","2","2","NO PHOTO · NO INSTALLATION ESSENTIALS · PRIVACY: requires_source_mapping","","","","","","",""
"impl-configured-classification","","Compatible configured analytics or plugin","Optional classification add-on","SOURCE_MAPPING_REQUIRED","Retail · Shopping Centre · Outlet Centre","3","","","requires_source_mapping","","0","1","2","NO PHOTO · NO INSTALLATION ESSENTIALS · PRIVACY: requires_source_mapping","","","","","","",""
"impl-hme-clearsoundx","HME","ClearSoundX","Audio clarity enhancement","SOURCE_MAPPING_REQUIRED","Drive-Thru Performance","1","","","requires_source_mapping","","0","3","3","NO PHOTO · NO INSTALLATION ESSENTIALS · PRIVACY: requires_source_mapping","","","","","","",""
"impl-hme-nexeo","HME","NEXEO","Broader crew communication tier","SOURCE_MAPPING_REQUIRED","Drive-Thru Performance","2","","","requires_source_mapping","","0","2","3","NO PHOTO · NO INSTALLATION ESSENTIALS · PRIVACY: requires_source_mapping","","","","","","",""
"impl-hme-nexeo-core","HME","NEXEO Core","Core digital drive-thru communication tier","SOURCE_MAPPING_REQUIRED","Drive-Thru Performance","2","","","requires_source_mapping","","0","4","3","NO PHOTO · NO INSTALLATION ESSENTIALS · PRIVACY: requires_source_mapping","","","","","","",""
"impl-hme-nexeo-pro","HME","NEXEO Pro","Advanced third-party integration tier","SOURCE_MAPPING_REQUIRED","Drive-Thru Performance","2","","","requires_product_validation","","0","3","3","NO PHOTO · NO INSTALLATION ESSENTIALS · PRIVACY: requires_product_validation","","","","","","",""
"impl-hme-text-and-connect","HME","Text & Connect","Optional cloud text-to-speech messaging","SOURCE_MAPPING_REQUIRED","Drive-Thru Performance","2","","","requires_source_mapping","","0","1","1","NO PHOTO · NO INSTALLATION ESSENTIALS · PRIVACY: requires_source_mapping","","","","","","",""
"impl-hme-zoom-nitro-data-cloud","HME","ZOOM Nitro Data / HME CLOUD","Enterprise reporting and multi-site management environment","SOURCE_MAPPING_REQUIRED","Drive-Thru Performance","2","","","requires_product_validation","","0","2","3","NO PHOTO · NO INSTALLATION ESSENTIALS · PRIVACY: requires_product_validation","","","","","","",""
"impl-hme-zoom-nitro-nexeo-alerting","HME","ZOOM Nitro with a compatible NEXEO configuration","Closed-loop timer alert into crew communication","SOURCE_MAPPING_REQUIRED","Drive-Thru Performance","1","","","requires_product_validation","","0","3","2","NO PHOTO · NO INSTALLATION ESSENTIALS · PRIVACY: requires_product_validation","","","","","","",""
"impl-hme-zoom-nitro-timer","HME","ZOOM Nitro Timer","Real-time drive-thru timing and diagnostic environment","SOURCE_MAPPING_REQUIRED","Drive-Thru Performance","8","/assets/technology/hme/zoom-nitro-timer-screen.png","","requires_product_validation","","0","3","3","NO INSTALLATION ESSENTIALS · PRIVACY: requires_product_validation","","","","","","",""
"impl-ip-detection-indoor","Bosch","FLEXIDOME micro 3100i","IP detection sensor for indoor counting and anonymous re-identification","SOURCE_MAPPING_REQUIRED","Retail · Shopping Centre","12","/assets/technology/ip-detection/bosch-flexidome-micro-3100i.png","yes","partially_source_backed","yes","4","6","2","PRIVACY: partially_source_backed","","","","","","",""
"impl-ip-detection-outdoor","Bosch","FLEXIDOME 5100i","IP detection sensor for outdoor counting and anonymous re-identification","SOURCE_MAPPING_REQUIRED","Retail Park · Outlet Centre","13","/assets/technology/ip-detection/bosch-flexidome-5100i-outdoor.png","yes","partially_source_backed","yes","5","6","2","PRIVACY: partially_source_backed","","","","","","",""
"impl-lidar-spatial","RoboSense","Airy","Advanced spatial intelligence","SOURCE_MAPPING_REQUIRED","Retail","2","/assets/technology/spatial/robosense-airy.webp","yes","requires_source_mapping","","0","5","1","PRIVACY: requires_source_mapping","","","","","","",""
"impl-milesight-vs125p-entrance","Milesight","VS125-P","Basic 3D","PARTIAL","Retail · Shopping Centre · Retail Park · Outlet Centre","13","/assets/technology/entrance/milesight-vs125p.png","yes","partially_source_backed","yes","5","5","1","PRIVACY: partially_source_backed","","","","","","",""
"impl-milesight-vs361-passerby","Milesight","VS361","Passer-by measurement option","PARTIAL","Retail","3","/assets/technology/passerby/milesight-vs361.jpg","yes","partially_source_backed","yes","5","4","1","PRIVACY: partially_source_backed","","","","","","",""
"impl-tattile-anpr-vehicle","Tattile","Basic MK2 Varifocal","Vehicle and registration-plate intelligence","SOURCE_MAPPING_REQUIRED","Retail Park · Outlet Centre","5","/assets/technology/anpr/tattile-basic-mk2.png","","requires_product_validation","","0","9","1","NO INSTALLATION ESSENTIALS · PRIVACY: requires_product_validation","","","","","","",""
"impl-xovis-3d-entrance","Xovis","PC2SE","Premium 3D","READY_FOR_EXTERNAL_EXPLANATION","Retail · Shopping Centre","6","/assets/technology/entrance/xovis-pc2se.jpg","yes","source_backed","yes","4","4","1","","","","","","","",""
"impl-xovis-3d-entrance-outdoor","Xovis","PC2SE-O","Premium 3D, outdoor","PARTIAL","Retail Park · Outlet Centre","4","/assets/technology/entrance/xovis-pc2se-o.png","","partially_source_backed","yes","5","5","3","NO INSTALLATION ESSENTIALS · PRIVACY: partially_source_backed","","","","","","",""
"impl-xovis-3d-spatial","Xovis","PF-L","3D in-store spatial option","READY_FOR_EXTERNAL_EXPLANATION","Retail","2","/assets/technology/spatial/xovis-pf-l.jpg","yes","source_backed","yes","4","4","1","","","","","","","",""
