"segment","segment_id","scene_no","scene_id","scene_title","proofs_today","gap","TEXT_what_the_proof_shows","ASSET_name","ASSET_path","NOTES"
"Retail","retail","01/06","retail-street-opportunity","Street opportunity","0","EMPTY","","","",""
"Retail","retail","02/06","retail-store-visits","Store visits","1","","","","",""
"Retail","retail","03/06","retail-visitor-composition","Visitor composition","0","EMPTY","","","",""
"Retail","retail","04/06","retail-in-store-journey","In-store journey","1","","","","",""
"Retail","retail","05/06","retail-zone-engagement","Zone engagement","1","","","","",""
"Retail","retail","06/06","retail-conversion-sales-context","Conversion & sales context","1","","","","",""
"Shopping Centre","shopping-centre","01/08","shopping-centre-catchment-area","Catchment area","0","EMPTY","","","",""
"Shopping Centre","shopping-centre","02/08","shopping-centre-entrances","Centre entrances","0","EMPTY","","","",""
"Shopping Centre","shopping-centre","03/08","shopping-centre-visitor-composition","Visitor composition","0","EMPTY","","","",""
"Shopping Centre","shopping-centre","04/08","shopping-centre-internal-circulation","Internal circulation","0","EMPTY","","","",""
"Shopping Centre","shopping-centre","05/08","shopping-centre-zone-anchor-exposure","Zone & anchor exposure","0","EMPTY","","","",""
"Shopping Centre","shopping-centre","06/08","shopping-centre-brand-counting","Brand counting","0","EMPTY","","","",""
"Shopping Centre","shopping-centre","07/08","shopping-centre-brand-flow","Brand flow","0","EMPTY","","","",""
"Shopping Centre","shopping-centre","08/08","shopping-centre-time-in-centre","Time in centre","0","EMPTY","","","",""
"Retail Park","retail-park","01/07","retail-park-catchment-area","Catchment area","0","EMPTY","","","",""
"Retail Park","retail-park","02/07","retail-park-vehicle-arrival","Vehicle arrival","0","EMPTY","","","",""
"Retail Park","retail-park","03/07","retail-park-parking-occupancy","Parking occupancy","0","EMPTY","","","",""
"Retail Park","retail-park","04/07","retail-park-unit-visits","Unit visits","0","EMPTY","","","",""
"Retail Park","retail-park","05/07","retail-park-cross-visitation","Cross-visitation","0","EMPTY","","","",""
"Retail Park","retail-park","06/07","retail-park-time-on-site","Time on site","0","EMPTY","","","",""
"Retail Park","retail-park","07/07","retail-park-unit-category-exposure","Unit & category exposure","0","EMPTY","","","",""
"Outlet Centre","outlet-centre","01/10","outlet-centre-destination-catchment","Destination catchment","0","EMPTY","","","",""
"Outlet Centre","outlet-centre","02/10","outlet-centre-tourism-origin-context","Tourism & origin context","0","EMPTY","","","",""
"Outlet Centre","outlet-centre","03/10","outlet-centre-vehicle-coach-arrival","Vehicle & coach arrival","0","EMPTY","","","",""
"Outlet Centre","outlet-centre","04/10","outlet-centre-entrances","Centre entrances","0","EMPTY","","","",""
"Outlet Centre","outlet-centre","05/10","outlet-centre-visitor-composition","Visitor composition","0","EMPTY","","","",""
"Outlet Centre","outlet-centre","06/10","outlet-centre-circulation","Circulation","0","EMPTY","","","",""
"Outlet Centre","outlet-centre","07/10","outlet-centre-zone-exposure-dwell","Zone exposure & dwell","0","EMPTY","","","",""
"Outlet Centre","outlet-centre","08/10","outlet-centre-brand-counting","Brand counting","0","EMPTY","","","",""
"Outlet Centre","outlet-centre","09/10","outlet-centre-brand-flow","Brand flow","0","EMPTY","","","",""
"Outlet Centre","outlet-centre","10/10","outlet-centre-time-in-destination","Time in destination","0","EMPTY","","","",""
"Drive-Thru Performance","qsr","01/06","qsr-drive-thru-context","Drive-thru context","0","EMPTY","","","",""
"Drive-Thru Performance","qsr","02/06","qsr-queue","Queue formation","0","EMPTY","","","",""
"Drive-Thru Performance","qsr","03/06","qsr-order","Order point & guest communication","0","EMPTY","","","",""
"Drive-Thru Performance","qsr","04/06","qsr-bottleneck","Bottleneck diagnosis","0","EMPTY","","","",""
"Drive-Thru Performance","qsr","05/06","qsr-respond","Real-time response","0","EMPTY","","","",""
"Drive-Thru Performance","qsr","06/06","qsr-estate","Estate performance","0","EMPTY","","","",""
